[{"name":"abstract fun pasarDatosVuelosIda(id: String, fecha_vuelta: String, aerolinea: String, usuarioDni: String)","description":"com.example.controladores.comprarBilletes.Comunicador2.pasarDatosVuelosIda","location":"app/com.example.controladores.comprarBilletes/-comunicador2/pasar-datos-vuelos-ida.html","searchKeys":["pasarDatosVuelosIda","abstract fun pasarDatosVuelosIda(id: String, fecha_vuelta: String, aerolinea: String, usuarioDni: String)","com.example.controladores.comprarBilletes.Comunicador2.pasarDatosVuelosIda"]},{"name":"abstract fun pasarId(id: String)","description":"com.example.controladores.paginaPrincipal.Comunicador.pasarId","location":"app/com.example.controladores.paginaPrincipal/-comunicador/pasar-id.html","searchKeys":["pasarId","abstract fun pasarId(id: String)","com.example.controladores.paginaPrincipal.Comunicador.pasarId"]},{"name":"class Aerolinea(nombre: String = \"\")","description":"com.example.modelos.Aerolinea","location":"app/com.example.modelos/-aerolinea/index.html","searchKeys":["Aerolinea","class Aerolinea(nombre: String = \"\")","com.example.modelos.Aerolinea"]},{"name":"class AsientosVuelo(id: String = \"\", tipoAsiento: String = \"\", precio: String = \"\", id_vuelo: String = \"\", numero: String = \"\", letra: String = \"\", estado: String = \"\")","description":"com.example.modelos.AsientosVuelo","location":"app/com.example.modelos/-asientos-vuelo/index.html","searchKeys":["AsientosVuelo","class AsientosVuelo(id: String = \"\", tipoAsiento: String = \"\", precio: String = \"\", id_vuelo: String = \"\", numero: String = \"\", letra: String = \"\", estado: String = \"\")","com.example.modelos.AsientosVuelo"]},{"name":"class AsientosVueloAdapter(var contexto: VisualizacionAsientos, var asientos: List<AsientosVuelo>) : BaseAdapter","description":"com.example.controladores.comprarBilletes.AsientosVueloAdapter","location":"app/com.example.controladores.comprarBilletes/-asientos-vuelo-adapter/index.html","searchKeys":["AsientosVueloAdapter","class AsientosVueloAdapter(var contexto: VisualizacionAsientos, var asientos: List<AsientosVuelo>) : BaseAdapter","com.example.controladores.comprarBilletes.AsientosVueloAdapter"]},{"name":"class CompraBilletes : AppCompatActivity","description":"com.example.controladores.comprarBilletes.CompraBilletes","location":"app/com.example.controladores.comprarBilletes/-compra-billetes/index.html","searchKeys":["CompraBilletes","class CompraBilletes : AppCompatActivity","com.example.controladores.comprarBilletes.CompraBilletes"]},{"name":"class ConexionBD","description":"com.example.ConexionBD","location":"app/com.example/-conexion-b-d/index.html","searchKeys":["ConexionBD","class ConexionBD","com.example.ConexionBD"]},{"name":"class InicioSesion : AppCompatActivity","description":"com.example.controladores.login.InicioSesion","location":"app/com.example.controladores.login/-inicio-sesion/index.html","searchKeys":["InicioSesion","class InicioSesion : AppCompatActivity","com.example.controladores.login.InicioSesion"]},{"name":"class MiCuenta : AppCompatActivity","description":"com.example.controladores.miCuenta.MiCuenta","location":"app/com.example.controladores.miCuenta/-mi-cuenta/index.html","searchKeys":["MiCuenta","class MiCuenta : AppCompatActivity","com.example.controladores.miCuenta.MiCuenta"]},{"name":"class MiMundo : AppCompatActivity","description":"com.example.controladores.miMundo.MiMundo","location":"app/com.example.controladores.miMundo/-mi-mundo/index.html","searchKeys":["MiMundo","class MiMundo : AppCompatActivity","com.example.controladores.miMundo.MiMundo"]},{"name":"class Notificacion(dni_usuario: String = \"\", titulo: String = \"\", vuelo: String = \"\", fecha: String = \"\", descripcion: String = \"\")","description":"com.example.modelos.Notificacion","location":"app/com.example.modelos/-notificacion/index.html","searchKeys":["Notificacion","class Notificacion(dni_usuario: String = \"\", titulo: String = \"\", vuelo: String = \"\", fecha: String = \"\", descripcion: String = \"\")","com.example.modelos.Notificacion"]},{"name":"class Notificaciones : AppCompatActivity","description":"com.example.controladores.notificaciones.Notificaciones","location":"app/com.example.controladores.notificaciones/-notificaciones/index.html","searchKeys":["Notificaciones","class Notificaciones : AppCompatActivity","com.example.controladores.notificaciones.Notificaciones"]},{"name":"class NotificacionesAdapter(var contexto: Context, var notificaciones: List<Notificacion>) : BaseAdapter","description":"com.example.controladores.notificaciones.NotificacionesAdapter","location":"app/com.example.controladores.notificaciones/-notificaciones-adapter/index.html","searchKeys":["NotificacionesAdapter","class NotificacionesAdapter(var contexto: Context, var notificaciones: List<Notificacion>) : BaseAdapter","com.example.controladores.notificaciones.NotificacionesAdapter"]},{"name":"class PaginaPrincipal : AppCompatActivity, Comunicador","description":"com.example.controladores.paginaPrincipal.PaginaPrincipal","location":"app/com.example.controladores.paginaPrincipal/-pagina-principal/index.html","searchKeys":["PaginaPrincipal","class PaginaPrincipal : AppCompatActivity, Comunicador","com.example.controladores.paginaPrincipal.PaginaPrincipal"]},{"name":"class Paises(dni_usuario: String = \"\", continente: String = \"\", visitas: Int = 0)","description":"com.example.modelos.Paises","location":"app/com.example.modelos/-paises/index.html","searchKeys":["Paises","class Paises(dni_usuario: String = \"\", continente: String = \"\", visitas: Int = 0)","com.example.modelos.Paises"]},{"name":"class RecuperacionContasena : AppCompatActivity","description":"com.example.controladores.login.RecuperacionContasena","location":"app/com.example.controladores.login/-recuperacion-contasena/index.html","searchKeys":["RecuperacionContasena","class RecuperacionContasena : AppCompatActivity","com.example.controladores.login.RecuperacionContasena"]},{"name":"class Registro : AppCompatActivity","description":"com.example.controladores.login.Registro","location":"app/com.example.controladores.login/-registro/index.html","searchKeys":["Registro","class Registro : AppCompatActivity","com.example.controladores.login.Registro"]},{"name":"class RegistroUsuarioCompraVuelo : AppCompatActivity","description":"com.example.controladores.comprarBilletes.RegistroUsuarioCompraVuelo","location":"app/com.example.controladores.comprarBilletes/-registro-usuario-compra-vuelo/index.html","searchKeys":["RegistroUsuarioCompraVuelo","class RegistroUsuarioCompraVuelo : AppCompatActivity","com.example.controladores.comprarBilletes.RegistroUsuarioCompraVuelo"]},{"name":"class Reserva(id_vuelo: String = \"\", aerolinea: String = \"\", destino: String = \"\", origen: String = \"\", fecha_salida: String = \"\", fecha_llegada: String = \"\", id_avion: String = \"\", numero: String = \"\", letra: String = \"\", tipo: String = \"\", precio: String = \"\", estado: String = \"\", enlace: String = \"\", nombre: String = \"\", apellido: String = \"\", fecha: String = \"\", id_asiento: String = \"\")","description":"com.example.modelos.Reserva","location":"app/com.example.modelos/-reserva/index.html","searchKeys":["Reserva","class Reserva(id_vuelo: String = \"\", aerolinea: String = \"\", destino: String = \"\", origen: String = \"\", fecha_salida: String = \"\", fecha_llegada: String = \"\", id_avion: String = \"\", numero: String = \"\", letra: String = \"\", tipo: String = \"\", precio: String = \"\", estado: String = \"\", enlace: String = \"\", nombre: String = \"\", apellido: String = \"\", fecha: String = \"\", id_asiento: String = \"\")","com.example.modelos.Reserva"]},{"name":"class ReservaAdapter(var contexto: Context, var vuelos: List<Reserva>) : BaseAdapter","description":"com.example.controladores.comprarBilletes.ReservaAdapter","location":"app/com.example.controladores.comprarBilletes/-reserva-adapter/index.html","searchKeys":["ReservaAdapter","class ReservaAdapter(var contexto: Context, var vuelos: List<Reserva>) : BaseAdapter","com.example.controladores.comprarBilletes.ReservaAdapter"]},{"name":"class ReservaUsuario(id_vuelo: String = \"\", id_reserva: String = \"\", fecha_salida: String = \"\", dni_usuario: String = \"\", fecha: String = \"\", id_asiento: String = \"\", nombre: String = \"\", apellido1: String = \"\", apellido2: String = \"\", dni: String = \"\", email: String = \"\", telefono: String = \"\")","description":"com.example.modelos.ReservaUsuario","location":"app/com.example.modelos/-reserva-usuario/index.html","searchKeys":["ReservaUsuario","class ReservaUsuario(id_vuelo: String = \"\", id_reserva: String = \"\", fecha_salida: String = \"\", dni_usuario: String = \"\", fecha: String = \"\", id_asiento: String = \"\", nombre: String = \"\", apellido1: String = \"\", apellido2: String = \"\", dni: String = \"\", email: String = \"\", telefono: String = \"\")","com.example.modelos.ReservaUsuario"]},{"name":"class ReservaVuelo : AppCompatActivity, Comunicador2","description":"com.example.controladores.comprarBilletes.ReservaVuelo","location":"app/com.example.controladores.comprarBilletes/-reserva-vuelo/index.html","searchKeys":["ReservaVuelo","class ReservaVuelo : AppCompatActivity, Comunicador2","com.example.controladores.comprarBilletes.ReservaVuelo"]},{"name":"class Usuario(nombre_usuario: String, password: String = \"\", dni: String = \"\", nombre: String = \"\", apellido1: String = \"\", apellido2: String = \"\", fecha_nac: String = \"\", telefono: String = \"\", email: String = \"\")","description":"com.example.modelos.Usuario","location":"app/com.example.modelos/-usuario/index.html","searchKeys":["Usuario","class Usuario(nombre_usuario: String, password: String = \"\", dni: String = \"\", nombre: String = \"\", apellido1: String = \"\", apellido2: String = \"\", fecha_nac: String = \"\", telefono: String = \"\", email: String = \"\")","com.example.modelos.Usuario"]},{"name":"class VisualizacionAsientos : Fragment","description":"com.example.controladores.comprarBilletes.VisualizacionAsientos","location":"app/com.example.controladores.comprarBilletes/-visualizacion-asientos/index.html","searchKeys":["VisualizacionAsientos","class VisualizacionAsientos : Fragment","com.example.controladores.comprarBilletes.VisualizacionAsientos"]},{"name":"class VueloAdapter(var contexto: Context, var vuelos: List<Vuelos>) : BaseAdapter","description":"com.example.controladores.paginaPrincipal.VueloAdapter","location":"app/com.example.controladores.paginaPrincipal/-vuelo-adapter/index.html","searchKeys":["VueloAdapter","class VueloAdapter(var contexto: Context, var vuelos: List<Vuelos>) : BaseAdapter","com.example.controladores.paginaPrincipal.VueloAdapter"]},{"name":"class Vuelos(fecha_salida: String = \"\", destino: String = \"\", id_vuelo: String = \"\", terminal: String = \"\", puerta_embarque: String = \"\", estado: String = \"\", fecha_llegada: String = \"\", origen: String = \"\", aerolinea: String = \"\", avion: String = \"\", enlace: String = \"\", modelo: String = \"\")","description":"com.example.modelos.Vuelos","location":"app/com.example.modelos/-vuelos/index.html","searchKeys":["Vuelos","class Vuelos(fecha_salida: String = \"\", destino: String = \"\", id_vuelo: String = \"\", terminal: String = \"\", puerta_embarque: String = \"\", estado: String = \"\", fecha_llegada: String = \"\", origen: String = \"\", aerolinea: String = \"\", avion: String = \"\", enlace: String = \"\", modelo: String = \"\")","com.example.modelos.Vuelos"]},{"name":"class billete : Fragment","description":"com.example.controladores.misBilletes.billete","location":"app/com.example.controladores.misBilletes/billete/index.html","searchKeys":["billete","class billete : Fragment","com.example.controladores.misBilletes.billete"]},{"name":"class misBilletes : AppCompatActivity","description":"com.example.controladores.misBilletes.misBilletes","location":"app/com.example.controladores.misBilletes/mis-billetes/index.html","searchKeys":["misBilletes","class misBilletes : AppCompatActivity","com.example.controladores.misBilletes.misBilletes"]},{"name":"class visualizacion_vuelo : Fragment","description":"com.example.controladores.paginaPrincipal.visualizacion_vuelo","location":"app/com.example.controladores.paginaPrincipal/visualizacion_vuelo/index.html","searchKeys":["visualizacion_vuelo","class visualizacion_vuelo : Fragment","com.example.controladores.paginaPrincipal.visualizacion_vuelo"]},{"name":"constructor()","description":"com.example.ConexionBD.ConexionBD","location":"app/com.example/-conexion-b-d/-conexion-b-d.html","searchKeys":["ConexionBD","constructor()","com.example.ConexionBD.ConexionBD"]},{"name":"constructor()","description":"com.example.controladores.comprarBilletes.CompraBilletes.CompraBilletes","location":"app/com.example.controladores.comprarBilletes/-compra-billetes/-compra-billetes.html","searchKeys":["CompraBilletes","constructor()","com.example.controladores.comprarBilletes.CompraBilletes.CompraBilletes"]},{"name":"constructor()","description":"com.example.controladores.comprarBilletes.RegistroUsuarioCompraVuelo.RegistroUsuarioCompraVuelo","location":"app/com.example.controladores.comprarBilletes/-registro-usuario-compra-vuelo/-registro-usuario-compra-vuelo.html","searchKeys":["RegistroUsuarioCompraVuelo","constructor()","com.example.controladores.comprarBilletes.RegistroUsuarioCompraVuelo.RegistroUsuarioCompraVuelo"]},{"name":"constructor()","description":"com.example.controladores.comprarBilletes.ReservaVuelo.ReservaVuelo","location":"app/com.example.controladores.comprarBilletes/-reserva-vuelo/-reserva-vuelo.html","searchKeys":["ReservaVuelo","constructor()","com.example.controladores.comprarBilletes.ReservaVuelo.ReservaVuelo"]},{"name":"constructor()","description":"com.example.controladores.comprarBilletes.VisualizacionAsientos.VisualizacionAsientos","location":"app/com.example.controladores.comprarBilletes/-visualizacion-asientos/-visualizacion-asientos.html","searchKeys":["VisualizacionAsientos","constructor()","com.example.controladores.comprarBilletes.VisualizacionAsientos.VisualizacionAsientos"]},{"name":"constructor()","description":"com.example.controladores.login.InicioSesion.InicioSesion","location":"app/com.example.controladores.login/-inicio-sesion/-inicio-sesion.html","searchKeys":["InicioSesion","constructor()","com.example.controladores.login.InicioSesion.InicioSesion"]},{"name":"constructor()","description":"com.example.controladores.login.RecuperacionContasena.RecuperacionContasena","location":"app/com.example.controladores.login/-recuperacion-contasena/-recuperacion-contasena.html","searchKeys":["RecuperacionContasena","constructor()","com.example.controladores.login.RecuperacionContasena.RecuperacionContasena"]},{"name":"constructor()","description":"com.example.controladores.login.Registro.Registro","location":"app/com.example.controladores.login/-registro/-registro.html","searchKeys":["Registro","constructor()","com.example.controladores.login.Registro.Registro"]},{"name":"constructor()","description":"com.example.controladores.miCuenta.MiCuenta.MiCuenta","location":"app/com.example.controladores.miCuenta/-mi-cuenta/-mi-cuenta.html","searchKeys":["MiCuenta","constructor()","com.example.controladores.miCuenta.MiCuenta.MiCuenta"]},{"name":"constructor()","description":"com.example.controladores.miMundo.MiMundo.MiMundo","location":"app/com.example.controladores.miMundo/-mi-mundo/-mi-mundo.html","searchKeys":["MiMundo","constructor()","com.example.controladores.miMundo.MiMundo.MiMundo"]},{"name":"constructor()","description":"com.example.controladores.misBilletes.billete.billete","location":"app/com.example.controladores.misBilletes/billete/billete.html","searchKeys":["billete","constructor()","com.example.controladores.misBilletes.billete.billete"]},{"name":"constructor()","description":"com.example.controladores.misBilletes.misBilletes.misBilletes","location":"app/com.example.controladores.misBilletes/mis-billetes/mis-billetes.html","searchKeys":["misBilletes","constructor()","com.example.controladores.misBilletes.misBilletes.misBilletes"]},{"name":"constructor()","description":"com.example.controladores.notificaciones.Notificaciones.Notificaciones","location":"app/com.example.controladores.notificaciones/-notificaciones/-notificaciones.html","searchKeys":["Notificaciones","constructor()","com.example.controladores.notificaciones.Notificaciones.Notificaciones"]},{"name":"constructor()","description":"com.example.controladores.paginaPrincipal.PaginaPrincipal.PaginaPrincipal","location":"app/com.example.controladores.paginaPrincipal/-pagina-principal/-pagina-principal.html","searchKeys":["PaginaPrincipal","constructor()","com.example.controladores.paginaPrincipal.PaginaPrincipal.PaginaPrincipal"]},{"name":"constructor()","description":"com.example.controladores.paginaPrincipal.visualizacion_vuelo.visualizacion_vuelo","location":"app/com.example.controladores.paginaPrincipal/visualizacion_vuelo/visualizacion_vuelo.html","searchKeys":["visualizacion_vuelo","constructor()","com.example.controladores.paginaPrincipal.visualizacion_vuelo.visualizacion_vuelo"]},{"name":"constructor(contexto: Context, notificaciones: List<Notificacion>)","description":"com.example.controladores.notificaciones.NotificacionesAdapter.NotificacionesAdapter","location":"app/com.example.controladores.notificaciones/-notificaciones-adapter/-notificaciones-adapter.html","searchKeys":["NotificacionesAdapter","constructor(contexto: Context, notificaciones: List<Notificacion>)","com.example.controladores.notificaciones.NotificacionesAdapter.NotificacionesAdapter"]},{"name":"constructor(contexto: Context, vuelos: List<Reserva>)","description":"com.example.controladores.comprarBilletes.ReservaAdapter.ReservaAdapter","location":"app/com.example.controladores.comprarBilletes/-reserva-adapter/-reserva-adapter.html","searchKeys":["ReservaAdapter","constructor(contexto: Context, vuelos: List<Reserva>)","com.example.controladores.comprarBilletes.ReservaAdapter.ReservaAdapter"]},{"name":"constructor(contexto: Context, vuelos: List<Vuelos>)","description":"com.example.controladores.paginaPrincipal.VueloAdapter.VueloAdapter","location":"app/com.example.controladores.paginaPrincipal/-vuelo-adapter/-vuelo-adapter.html","searchKeys":["VueloAdapter","constructor(contexto: Context, vuelos: List<Vuelos>)","com.example.controladores.paginaPrincipal.VueloAdapter.VueloAdapter"]},{"name":"constructor(contexto: VisualizacionAsientos, asientos: List<AsientosVuelo>)","description":"com.example.controladores.comprarBilletes.AsientosVueloAdapter.AsientosVueloAdapter","location":"app/com.example.controladores.comprarBilletes/-asientos-vuelo-adapter/-asientos-vuelo-adapter.html","searchKeys":["AsientosVueloAdapter","constructor(contexto: VisualizacionAsientos, asientos: List<AsientosVuelo>)","com.example.controladores.comprarBilletes.AsientosVueloAdapter.AsientosVueloAdapter"]},{"name":"constructor(dni_usuario: String = \"\", continente: String = \"\", visitas: Int = 0)","description":"com.example.modelos.Paises.Paises","location":"app/com.example.modelos/-paises/-paises.html","searchKeys":["Paises","constructor(dni_usuario: String = \"\", continente: String = \"\", visitas: Int = 0)","com.example.modelos.Paises.Paises"]},{"name":"constructor(dni_usuario: String = \"\", titulo: String = \"\", vuelo: String = \"\", fecha: String = \"\", descripcion: String = \"\")","description":"com.example.modelos.Notificacion.Notificacion","location":"app/com.example.modelos/-notificacion/-notificacion.html","searchKeys":["Notificacion","constructor(dni_usuario: String = \"\", titulo: String = \"\", vuelo: String = \"\", fecha: String = \"\", descripcion: String = \"\")","com.example.modelos.Notificacion.Notificacion"]},{"name":"constructor(fecha_salida: String = \"\", destino: String = \"\", id_vuelo: String = \"\", terminal: String = \"\", puerta_embarque: String = \"\", estado: String = \"\", fecha_llegada: String = \"\", origen: String = \"\", aerolinea: String = \"\", avion: String = \"\", enlace: String = \"\", modelo: String = \"\")","description":"com.example.modelos.Vuelos.Vuelos","location":"app/com.example.modelos/-vuelos/-vuelos.html","searchKeys":["Vuelos","constructor(fecha_salida: String = \"\", destino: String = \"\", id_vuelo: String = \"\", terminal: String = \"\", puerta_embarque: String = \"\", estado: String = \"\", fecha_llegada: String = \"\", origen: String = \"\", aerolinea: String = \"\", avion: String = \"\", enlace: String = \"\", modelo: String = \"\")","com.example.modelos.Vuelos.Vuelos"]},{"name":"constructor(id: String = \"\", tipoAsiento: String = \"\", precio: String = \"\", id_vuelo: String = \"\", numero: String = \"\", letra: String = \"\", estado: String = \"\")","description":"com.example.modelos.AsientosVuelo.AsientosVuelo","location":"app/com.example.modelos/-asientos-vuelo/-asientos-vuelo.html","searchKeys":["AsientosVuelo","constructor(id: String = \"\", tipoAsiento: String = \"\", precio: String = \"\", id_vuelo: String = \"\", numero: String = \"\", letra: String = \"\", estado: String = \"\")","com.example.modelos.AsientosVuelo.AsientosVuelo"]},{"name":"constructor(id_vuelo: String = \"\", aerolinea: String = \"\", destino: String = \"\", origen: String = \"\", fecha_salida: String = \"\", fecha_llegada: String = \"\", id_avion: String = \"\", numero: String = \"\", letra: String = \"\", tipo: String = \"\", precio: String = \"\", estado: String = \"\", enlace: String = \"\", nombre: String = \"\", apellido: String = \"\", fecha: String = \"\", id_asiento: String = \"\")","description":"com.example.modelos.Reserva.Reserva","location":"app/com.example.modelos/-reserva/-reserva.html","searchKeys":["Reserva","constructor(id_vuelo: String = \"\", aerolinea: String = \"\", destino: String = \"\", origen: String = \"\", fecha_salida: String = \"\", fecha_llegada: String = \"\", id_avion: String = \"\", numero: String = \"\", letra: String = \"\", tipo: String = \"\", precio: String = \"\", estado: String = \"\", enlace: String = \"\", nombre: String = \"\", apellido: String = \"\", fecha: String = \"\", id_asiento: String = \"\")","com.example.modelos.Reserva.Reserva"]},{"name":"constructor(id_vuelo: String = \"\", id_reserva: String = \"\", fecha_salida: String = \"\", dni_usuario: String = \"\", fecha: String = \"\", id_asiento: String = \"\", nombre: String = \"\", apellido1: String = \"\", apellido2: String = \"\", dni: String = \"\", email: String = \"\", telefono: String = \"\")","description":"com.example.modelos.ReservaUsuario.ReservaUsuario","location":"app/com.example.modelos/-reserva-usuario/-reserva-usuario.html","searchKeys":["ReservaUsuario","constructor(id_vuelo: String = \"\", id_reserva: String = \"\", fecha_salida: String = \"\", dni_usuario: String = \"\", fecha: String = \"\", id_asiento: String = \"\", nombre: String = \"\", apellido1: String = \"\", apellido2: String = \"\", dni: String = \"\", email: String = \"\", telefono: String = \"\")","com.example.modelos.ReservaUsuario.ReservaUsuario"]},{"name":"constructor(nombre: String = \"\")","description":"com.example.modelos.Aerolinea.Aerolinea","location":"app/com.example.modelos/-aerolinea/-aerolinea.html","searchKeys":["Aerolinea","constructor(nombre: String = \"\")","com.example.modelos.Aerolinea.Aerolinea"]},{"name":"constructor(nombre_usuario: String, password: String = \"\", dni: String = \"\", nombre: String = \"\", apellido1: String = \"\", apellido2: String = \"\", fecha_nac: String = \"\", telefono: String = \"\", email: String = \"\")","description":"com.example.modelos.Usuario.Usuario","location":"app/com.example.modelos/-usuario/-usuario.html","searchKeys":["Usuario","constructor(nombre_usuario: String, password: String = \"\", dni: String = \"\", nombre: String = \"\", apellido1: String = \"\", apellido2: String = \"\", fecha_nac: String = \"\", telefono: String = \"\", email: String = \"\")","com.example.modelos.Usuario.Usuario"]},{"name":"fun actualizarContrasena(conexionBD: ConexionBD): Boolean","description":"com.example.modelos.Usuario.actualizarContrasena","location":"app/com.example.modelos/-usuario/actualizar-contrasena.html","searchKeys":["actualizarContrasena","fun actualizarContrasena(conexionBD: ConexionBD): Boolean","com.example.modelos.Usuario.actualizarContrasena"]},{"name":"fun actualizarEstadoAsiento(conexionBD: ConexionBD, id_asiento: String)","description":"com.example.modelos.AsientosVuelo.actualizarEstadoAsiento","location":"app/com.example.modelos/-asientos-vuelo/actualizar-estado-asiento.html","searchKeys":["actualizarEstadoAsiento","fun actualizarEstadoAsiento(conexionBD: ConexionBD, id_asiento: String)","com.example.modelos.AsientosVuelo.actualizarEstadoAsiento"]},{"name":"fun actualizarEstadoAsientoLibre(conexionBD: ConexionBD, id_asiento: String)","description":"com.example.modelos.AsientosVuelo.actualizarEstadoAsientoLibre","location":"app/com.example.modelos/-asientos-vuelo/actualizar-estado-asiento-libre.html","searchKeys":["actualizarEstadoAsientoLibre","fun actualizarEstadoAsientoLibre(conexionBD: ConexionBD, id_asiento: String)","com.example.modelos.AsientosVuelo.actualizarEstadoAsientoLibre"]},{"name":"fun adapter(registros: MutableList<Reserva>, elementos: MutableList<Reserva>)","description":"com.example.controladores.comprarBilletes.ReservaVuelo.adapter","location":"app/com.example.controladores.comprarBilletes/-reserva-vuelo/adapter.html","searchKeys":["adapter","fun adapter(registros: MutableList<Reserva>, elementos: MutableList<Reserva>)","com.example.controladores.comprarBilletes.ReservaVuelo.adapter"]},{"name":"fun adapter(registros: MutableList<Reserva>, elementos: MutableList<Reserva>)","description":"com.example.controladores.misBilletes.misBilletes.adapter","location":"app/com.example.controladores.misBilletes/mis-billetes/adapter.html","searchKeys":["adapter","fun adapter(registros: MutableList<Reserva>, elementos: MutableList<Reserva>)","com.example.controladores.misBilletes.misBilletes.adapter"]},{"name":"fun buscar(view: View)","description":"com.example.controladores.comprarBilletes.CompraBilletes.buscar","location":"app/com.example.controladores.comprarBilletes/-compra-billetes/buscar.html","searchKeys":["buscar","fun buscar(view: View)","com.example.controladores.comprarBilletes.CompraBilletes.buscar"]},{"name":"fun busquedaVuelosIda(conexionBD: ConexionBD, destino: String, fechaIda: String, fechaVuelta: String, clase: String, aerolinea: String): MutableList<Reserva>","description":"com.example.modelos.Reserva.busquedaVuelosIda","location":"app/com.example.modelos/-reserva/busqueda-vuelos-ida.html","searchKeys":["busquedaVuelosIda","fun busquedaVuelosIda(conexionBD: ConexionBD, destino: String, fechaIda: String, fechaVuelta: String, clase: String, aerolinea: String): MutableList<Reserva>","com.example.modelos.Reserva.busquedaVuelosIda"]},{"name":"fun calcularEdad(fechaNacimiento: Date, fechaActual: Date): Int","description":"com.example.controladores.login.Registro.calcularEdad","location":"app/com.example.controladores.login/-registro/calcular-edad.html","searchKeys":["calcularEdad","fun calcularEdad(fechaNacimiento: Date, fechaActual: Date): Int","com.example.controladores.login.Registro.calcularEdad"]},{"name":"fun calcularPorcentajes(registros: MutableList<Paises>)","description":"com.example.controladores.miMundo.MiMundo.calcularPorcentajes","location":"app/com.example.controladores.miMundo/-mi-mundo/calcular-porcentajes.html","searchKeys":["calcularPorcentajes","fun calcularPorcentajes(registros: MutableList<Paises>)","com.example.controladores.miMundo.MiMundo.calcularPorcentajes"]},{"name":"fun capitalizeFirstLetter(date: String): String","description":"com.example.controladores.paginaPrincipal.PaginaPrincipal.capitalizeFirstLetter","location":"app/com.example.controladores.paginaPrincipal/-pagina-principal/capitalize-first-letter.html","searchKeys":["capitalizeFirstLetter","fun capitalizeFirstLetter(date: String): String","com.example.controladores.paginaPrincipal.PaginaPrincipal.capitalizeFirstLetter"]},{"name":"fun cerrar(view: View)","description":"com.example.controladores.miCuenta.MiCuenta.cerrar","location":"app/com.example.controladores.miCuenta/-mi-cuenta/cerrar.html","searchKeys":["cerrar","fun cerrar(view: View)","com.example.controladores.miCuenta.MiCuenta.cerrar"]},{"name":"fun compararFechas(fecha_salida: Date, fecha_actual: Date): Int","description":"com.example.controladores.paginaPrincipal.PaginaPrincipal.compararFechas","location":"app/com.example.controladores.paginaPrincipal/-pagina-principal/comparar-fechas.html","searchKeys":["compararFechas","fun compararFechas(fecha_salida: Date, fecha_actual: Date): Int","com.example.controladores.paginaPrincipal.PaginaPrincipal.compararFechas"]},{"name":"fun comprar(view: View)","description":"com.example.controladores.comprarBilletes.RegistroUsuarioCompraVuelo.comprar","location":"app/com.example.controladores.comprarBilletes/-registro-usuario-compra-vuelo/comprar.html","searchKeys":["comprar","fun comprar(view: View)","com.example.controladores.comprarBilletes.RegistroUsuarioCompraVuelo.comprar"]},{"name":"fun comprobarCampos(): Boolean","description":"com.example.controladores.login.Registro.comprobarCampos","location":"app/com.example.controladores.login/-registro/comprobar-campos.html","searchKeys":["comprobarCampos","fun comprobarCampos(): Boolean","com.example.controladores.login.Registro.comprobarCampos"]},{"name":"fun comprobarDNI(conexionBD: ConexionBD): Boolean","description":"com.example.modelos.Usuario.comprobarDNI","location":"app/com.example.modelos/-usuario/comprobar-d-n-i.html","searchKeys":["comprobarDNI","fun comprobarDNI(conexionBD: ConexionBD): Boolean","com.example.modelos.Usuario.comprobarDNI"]},{"name":"fun comprobarDni(dni: String): Boolean","description":"com.example.controladores.login.Registro.comprobarDni","location":"app/com.example.controladores.login/-registro/comprobar-dni.html","searchKeys":["comprobarDni","fun comprobarDni(dni: String): Boolean","com.example.controladores.login.Registro.comprobarDni"]},{"name":"fun comprobarFecha(): Boolean","description":"com.example.controladores.login.Registro.comprobarFecha","location":"app/com.example.controladores.login/-registro/comprobar-fecha.html","searchKeys":["comprobarFecha","fun comprobarFecha(): Boolean","com.example.controladores.login.Registro.comprobarFecha"]},{"name":"fun comprobarNotificacion(conexionBD: ConexionBD, id_vuelo: String): Boolean","description":"com.example.modelos.Notificacion.comprobarNotificacion","location":"app/com.example.modelos/-notificacion/comprobar-notificacion.html","searchKeys":["comprobarNotificacion","fun comprobarNotificacion(conexionBD: ConexionBD, id_vuelo: String): Boolean","com.example.modelos.Notificacion.comprobarNotificacion"]},{"name":"fun comprobarTel(tel: String): Boolean","description":"com.example.controladores.login.Registro.comprobarTel","location":"app/com.example.controladores.login/-registro/comprobar-tel.html","searchKeys":["comprobarTel","fun comprobarTel(tel: String): Boolean","com.example.controladores.login.Registro.comprobarTel"]},{"name":"fun comprobarUsername(conexionBD: ConexionBD): Boolean","description":"com.example.modelos.Usuario.comprobarUsername","location":"app/com.example.modelos/-usuario/comprobar-username.html","searchKeys":["comprobarUsername","fun comprobarUsername(conexionBD: ConexionBD): Boolean","com.example.modelos.Usuario.comprobarUsername"]},{"name":"fun comprobarUsuario(conexionBD: ConexionBD): Boolean","description":"com.example.modelos.Usuario.comprobarUsuario","location":"app/com.example.modelos/-usuario/comprobar-usuario.html","searchKeys":["comprobarUsuario","fun comprobarUsuario(conexionBD: ConexionBD): Boolean","com.example.modelos.Usuario.comprobarUsuario"]},{"name":"fun datosUsuario(conexionBD: ConexionBD): Usuario?","description":"com.example.modelos.Usuario.datosUsuario","location":"app/com.example.modelos/-usuario/datos-usuario.html","searchKeys":["datosUsuario","fun datosUsuario(conexionBD: ConexionBD): Usuario?","com.example.modelos.Usuario.datosUsuario"]},{"name":"fun dbConn(): Connection?","description":"com.example.ConexionBD.dbConn","location":"app/com.example/-conexion-b-d/db-conn.html","searchKeys":["dbConn","fun dbConn(): Connection?","com.example.ConexionBD.dbConn"]},{"name":"fun devolverDNI(conexionBD: ConexionBD): String","description":"com.example.modelos.Usuario.devolverDNI","location":"app/com.example.modelos/-usuario/devolver-d-n-i.html","searchKeys":["devolverDNI","fun devolverDNI(conexionBD: ConexionBD): String","com.example.modelos.Usuario.devolverDNI"]},{"name":"fun eliminarReserva(conexionBD: ConexionBD, usuarioDNI: String, id_asiento_vuelo: Int): Boolean","description":"com.example.modelos.ReservaUsuario.eliminarReserva","location":"app/com.example.modelos/-reserva-usuario/eliminar-reserva.html","searchKeys":["eliminarReserva","fun eliminarReserva(conexionBD: ConexionBD, usuarioDNI: String, id_asiento_vuelo: Int): Boolean","com.example.modelos.ReservaUsuario.eliminarReserva"]},{"name":"fun enviarNotificacion()","description":"com.example.controladores.login.RecuperacionContasena.enviarNotificacion","location":"app/com.example.controladores.login/-recuperacion-contasena/enviar-notificacion.html","searchKeys":["enviarNotificacion","fun enviarNotificacion()","com.example.controladores.login.RecuperacionContasena.enviarNotificacion"]},{"name":"fun generarNumeroAleatorio(): Int","description":"com.example.controladores.login.RecuperacionContasena.generarNumeroAleatorio","location":"app/com.example.controladores.login/-recuperacion-contasena/generar-numero-aleatorio.html","searchKeys":["generarNumeroAleatorio","fun generarNumeroAleatorio(): Int","com.example.controladores.login.RecuperacionContasena.generarNumeroAleatorio"]},{"name":"fun getAerolineas(conexionBD: ConexionBD): MutableList<Aerolinea>?","description":"com.example.modelos.Aerolinea.getAerolineas","location":"app/com.example.modelos/-aerolinea/get-aerolineas.html","searchKeys":["getAerolineas","fun getAerolineas(conexionBD: ConexionBD): MutableList<Aerolinea>?","com.example.modelos.Aerolinea.getAerolineas"]},{"name":"fun getAllAsientosVuelo(conexionBD: ConexionBD, id_vuelo: String): MutableList<AsientosVuelo>?","description":"com.example.modelos.AsientosVuelo.getAllAsientosVuelo","location":"app/com.example.modelos/-asientos-vuelo/get-all-asientos-vuelo.html","searchKeys":["getAllAsientosVuelo","fun getAllAsientosVuelo(conexionBD: ConexionBD, id_vuelo: String): MutableList<AsientosVuelo>?","com.example.modelos.AsientosVuelo.getAllAsientosVuelo"]},{"name":"fun getAsientosVuelo(conexionBD: ConexionBD, id_vuelo: String): Boolean","description":"com.example.modelos.AsientosVuelo.getAsientosVuelo","location":"app/com.example.modelos/-asientos-vuelo/get-asientos-vuelo.html","searchKeys":["getAsientosVuelo","fun getAsientosVuelo(conexionBD: ConexionBD, id_vuelo: String): Boolean","com.example.modelos.AsientosVuelo.getAsientosVuelo"]},{"name":"fun getInformacionVuelo(conexionBD: ConexionBD, id: String): Vuelos?","description":"com.example.modelos.Vuelos.getInformacionVuelo","location":"app/com.example.modelos/-vuelos/get-informacion-vuelo.html","searchKeys":["getInformacionVuelo","fun getInformacionVuelo(conexionBD: ConexionBD, id: String): Vuelos?","com.example.modelos.Vuelos.getInformacionVuelo"]},{"name":"fun getInformacionVuelosLlegadas(conexionBD: ConexionBD, fecha: String = \"2025-05-21\"): MutableList<Vuelos>?","description":"com.example.modelos.Vuelos.getInformacionVuelosLlegadas","location":"app/com.example.modelos/-vuelos/get-informacion-vuelos-llegadas.html","searchKeys":["getInformacionVuelosLlegadas","fun getInformacionVuelosLlegadas(conexionBD: ConexionBD, fecha: String = \"2025-05-21\"): MutableList<Vuelos>?","com.example.modelos.Vuelos.getInformacionVuelosLlegadas"]},{"name":"fun getInformacionVuelosSalidas(conexionBD: ConexionBD, fecha: String = \"2025-05-21\"): MutableList<Vuelos>?","description":"com.example.modelos.Vuelos.getInformacionVuelosSalidas","location":"app/com.example.modelos/-vuelos/get-informacion-vuelos-salidas.html","searchKeys":["getInformacionVuelosSalidas","fun getInformacionVuelosSalidas(conexionBD: ConexionBD, fecha: String = \"2025-05-21\"): MutableList<Vuelos>?","com.example.modelos.Vuelos.getInformacionVuelosSalidas"]},{"name":"fun getMisBilletes(conexionBD: ConexionBD, dni_usuario: String): MutableList<Reserva>","description":"com.example.modelos.Reserva.getMisBilletes","location":"app/com.example.modelos/-reserva/get-mis-billetes.html","searchKeys":["getMisBilletes","fun getMisBilletes(conexionBD: ConexionBD, dni_usuario: String): MutableList<Reserva>","com.example.modelos.Reserva.getMisBilletes"]},{"name":"fun getNotificacion(conexionBD: ConexionBD, id_vuelo: String): MutableList<Notificacion>","description":"com.example.modelos.ReservaUsuario.getNotificacion","location":"app/com.example.modelos/-reserva-usuario/get-notificacion.html","searchKeys":["getNotificacion","fun getNotificacion(conexionBD: ConexionBD, id_vuelo: String): MutableList<Notificacion>","com.example.modelos.ReservaUsuario.getNotificacion"]},{"name":"fun getOrigenDestino(conexionBD: ConexionBD, id_vuelo: String): String","description":"com.example.modelos.Vuelos.getOrigenDestino","location":"app/com.example.modelos/-vuelos/get-origen-destino.html","searchKeys":["getOrigenDestino","fun getOrigenDestino(conexionBD: ConexionBD, id_vuelo: String): String","com.example.modelos.Vuelos.getOrigenDestino"]},{"name":"fun getPaisesContinentesVisitados(conexionBD: ConexionBD, usuario_dni: String): MutableList<Paises>","description":"com.example.modelos.Paises.getPaisesContinentesVisitados","location":"app/com.example.modelos/-paises/get-paises-continentes-visitados.html","searchKeys":["getPaisesContinentesVisitados","fun getPaisesContinentesVisitados(conexionBD: ConexionBD, usuario_dni: String): MutableList<Paises>","com.example.modelos.Paises.getPaisesContinentesVisitados"]},{"name":"fun getReservas(conexionBD: ConexionBD, dni_usuario: String): MutableList<ReservaUsuario>","description":"com.example.modelos.ReservaUsuario.getReservas","location":"app/com.example.modelos/-reserva-usuario/get-reservas.html","searchKeys":["getReservas","fun getReservas(conexionBD: ConexionBD, dni_usuario: String): MutableList<ReservaUsuario>","com.example.modelos.ReservaUsuario.getReservas"]},{"name":"fun getReservasDia(conexionBD: ConexionBD, dni_usuario: String): MutableList<ReservaUsuario>","description":"com.example.modelos.ReservaUsuario.getReservasDia","location":"app/com.example.modelos/-reserva-usuario/get-reservas-dia.html","searchKeys":["getReservasDia","fun getReservasDia(conexionBD: ConexionBD, dni_usuario: String): MutableList<ReservaUsuario>","com.example.modelos.ReservaUsuario.getReservasDia"]},{"name":"fun iniciar(view: View)","description":"com.example.controladores.login.InicioSesion.iniciar","location":"app/com.example.controladores.login/-inicio-sesion/iniciar.html","searchKeys":["iniciar","fun iniciar(view: View)","com.example.controladores.login.InicioSesion.iniciar"]},{"name":"fun iniciarComparacion(reservas: List<ReservaUsuario>)","description":"com.example.controladores.paginaPrincipal.PaginaPrincipal.iniciarComparacion","location":"app/com.example.controladores.paginaPrincipal/-pagina-principal/iniciar-comparacion.html","searchKeys":["iniciarComparacion","fun iniciarComparacion(reservas: List<ReservaUsuario>)","com.example.controladores.paginaPrincipal.PaginaPrincipal.iniciarComparacion"]},{"name":"fun insertarNotificacion(conexionBD: ConexionBD, id_vuelo: String)","description":"com.example.modelos.Notificacion.insertarNotificacion","location":"app/com.example.modelos/-notificacion/insertar-notificacion.html","searchKeys":["insertarNotificacion","fun insertarNotificacion(conexionBD: ConexionBD, id_vuelo: String)","com.example.modelos.Notificacion.insertarNotificacion"]},{"name":"fun insertarReserva(conexionBD: ConexionBD, dni_usuario: String, id_asiento: String, nombre: String, apellido1: String, apellido2: String, dni: String, email: String, telefono: String)","description":"com.example.modelos.ReservaUsuario.insertarReserva","location":"app/com.example.modelos/-reserva-usuario/insertar-reserva.html","searchKeys":["insertarReserva","fun insertarReserva(conexionBD: ConexionBD, dni_usuario: String, id_asiento: String, nombre: String, apellido1: String, apellido2: String, dni: String, email: String, telefono: String)","com.example.modelos.ReservaUsuario.insertarReserva"]},{"name":"fun insertarUsuario(conexionBD: ConexionBD): Boolean","description":"com.example.modelos.Usuario.insertarUsuario","location":"app/com.example.modelos/-usuario/insertar-usuario.html","searchKeys":["insertarUsuario","fun insertarUsuario(conexionBD: ConexionBD): Boolean","com.example.modelos.Usuario.insertarUsuario"]},{"name":"fun obtenerFechaActualEnEspana(): Date","description":"com.example.controladores.paginaPrincipal.PaginaPrincipal.obtenerFechaActualEnEspana","location":"app/com.example.controladores.paginaPrincipal/-pagina-principal/obtener-fecha-actual-en-espana.html","searchKeys":["obtenerFechaActualEnEspana","fun obtenerFechaActualEnEspana(): Date","com.example.controladores.paginaPrincipal.PaginaPrincipal.obtenerFechaActualEnEspana"]},{"name":"fun registrar(view: View)","description":"com.example.controladores.login.Registro.registrar","location":"app/com.example.controladores.login/-registro/registrar.html","searchKeys":["registrar","fun registrar(view: View)","com.example.controladores.login.Registro.registrar"]},{"name":"fun search(view: View)","description":"com.example.controladores.paginaPrincipal.PaginaPrincipal.search","location":"app/com.example.controladores.paginaPrincipal/-pagina-principal/search.html","searchKeys":["search","fun search(view: View)","com.example.controladores.paginaPrincipal.PaginaPrincipal.search"]},{"name":"fun seleccionFechaCum()","description":"com.example.controladores.login.Registro.seleccionFechaCum","location":"app/com.example.controladores.login/-registro/seleccion-fecha-cum.html","searchKeys":["seleccionFechaCum","fun seleccionFechaCum()","com.example.controladores.login.Registro.seleccionFechaCum"]},{"name":"fun toast_personalizado(texto: String)","description":"com.example.controladores.comprarBilletes.CompraBilletes.toast_personalizado","location":"app/com.example.controladores.comprarBilletes/-compra-billetes/toast_personalizado.html","searchKeys":["toast_personalizado","fun toast_personalizado(texto: String)","com.example.controladores.comprarBilletes.CompraBilletes.toast_personalizado"]},{"name":"fun toast_personalizado(texto: String)","description":"com.example.controladores.comprarBilletes.RegistroUsuarioCompraVuelo.toast_personalizado","location":"app/com.example.controladores.comprarBilletes/-registro-usuario-compra-vuelo/toast_personalizado.html","searchKeys":["toast_personalizado","fun toast_personalizado(texto: String)","com.example.controladores.comprarBilletes.RegistroUsuarioCompraVuelo.toast_personalizado"]},{"name":"fun toast_personalizado(texto: String)","description":"com.example.controladores.comprarBilletes.ReservaVuelo.toast_personalizado","location":"app/com.example.controladores.comprarBilletes/-reserva-vuelo/toast_personalizado.html","searchKeys":["toast_personalizado","fun toast_personalizado(texto: String)","com.example.controladores.comprarBilletes.ReservaVuelo.toast_personalizado"]},{"name":"fun toast_personalizado(texto: String)","description":"com.example.controladores.comprarBilletes.VisualizacionAsientos.toast_personalizado","location":"app/com.example.controladores.comprarBilletes/-visualizacion-asientos/toast_personalizado.html","searchKeys":["toast_personalizado","fun toast_personalizado(texto: String)","com.example.controladores.comprarBilletes.VisualizacionAsientos.toast_personalizado"]},{"name":"fun toast_personalizado(texto: String)","description":"com.example.controladores.login.InicioSesion.toast_personalizado","location":"app/com.example.controladores.login/-inicio-sesion/toast_personalizado.html","searchKeys":["toast_personalizado","fun toast_personalizado(texto: String)","com.example.controladores.login.InicioSesion.toast_personalizado"]},{"name":"fun toast_personalizado(texto: String)","description":"com.example.controladores.login.RecuperacionContasena.toast_personalizado","location":"app/com.example.controladores.login/-recuperacion-contasena/toast_personalizado.html","searchKeys":["toast_personalizado","fun toast_personalizado(texto: String)","com.example.controladores.login.RecuperacionContasena.toast_personalizado"]},{"name":"fun toast_personalizado(texto: String)","description":"com.example.controladores.login.Registro.toast_personalizado","location":"app/com.example.controladores.login/-registro/toast_personalizado.html","searchKeys":["toast_personalizado","fun toast_personalizado(texto: String)","com.example.controladores.login.Registro.toast_personalizado"]},{"name":"fun toast_personalizado(texto: String)","description":"com.example.controladores.miCuenta.MiCuenta.toast_personalizado","location":"app/com.example.controladores.miCuenta/-mi-cuenta/toast_personalizado.html","searchKeys":["toast_personalizado","fun toast_personalizado(texto: String)","com.example.controladores.miCuenta.MiCuenta.toast_personalizado"]},{"name":"fun toast_personalizado(texto: String)","description":"com.example.controladores.misBilletes.misBilletes.toast_personalizado","location":"app/com.example.controladores.misBilletes/mis-billetes/toast_personalizado.html","searchKeys":["toast_personalizado","fun toast_personalizado(texto: String)","com.example.controladores.misBilletes.misBilletes.toast_personalizado"]},{"name":"fun toast_personalizado(texto: String)","description":"com.example.controladores.paginaPrincipal.PaginaPrincipal.toast_personalizado","location":"app/com.example.controladores.paginaPrincipal/-pagina-principal/toast_personalizado.html","searchKeys":["toast_personalizado","fun toast_personalizado(texto: String)","com.example.controladores.paginaPrincipal.PaginaPrincipal.toast_personalizado"]},{"name":"fun toast_personalizado2(texto: String)","description":"com.example.controladores.comprarBilletes.RegistroUsuarioCompraVuelo.toast_personalizado2","location":"app/com.example.controladores.comprarBilletes/-registro-usuario-compra-vuelo/toast_personalizado2.html","searchKeys":["toast_personalizado2","fun toast_personalizado2(texto: String)","com.example.controladores.comprarBilletes.RegistroUsuarioCompraVuelo.toast_personalizado2"]},{"name":"fun toast_personalizado2(texto: String)","description":"com.example.controladores.comprarBilletes.VisualizacionAsientos.toast_personalizado2","location":"app/com.example.controladores.comprarBilletes/-visualizacion-asientos/toast_personalizado2.html","searchKeys":["toast_personalizado2","fun toast_personalizado2(texto: String)","com.example.controladores.comprarBilletes.VisualizacionAsientos.toast_personalizado2"]},{"name":"fun toast_personalizado2(texto: String)","description":"com.example.controladores.login.InicioSesion.toast_personalizado2","location":"app/com.example.controladores.login/-inicio-sesion/toast_personalizado2.html","searchKeys":["toast_personalizado2","fun toast_personalizado2(texto: String)","com.example.controladores.login.InicioSesion.toast_personalizado2"]},{"name":"fun toast_personalizado2(texto: String)","description":"com.example.controladores.login.RecuperacionContasena.toast_personalizado2","location":"app/com.example.controladores.login/-recuperacion-contasena/toast_personalizado2.html","searchKeys":["toast_personalizado2","fun toast_personalizado2(texto: String)","com.example.controladores.login.RecuperacionContasena.toast_personalizado2"]},{"name":"fun toast_personalizado2(texto: String)","description":"com.example.controladores.login.Registro.toast_personalizado2","location":"app/com.example.controladores.login/-registro/toast_personalizado2.html","searchKeys":["toast_personalizado2","fun toast_personalizado2(texto: String)","com.example.controladores.login.Registro.toast_personalizado2"]},{"name":"fun verificarFecha(reserva: ReservaUsuario): Boolean","description":"com.example.controladores.paginaPrincipal.PaginaPrincipal.verificarFecha","location":"app/com.example.controladores.paginaPrincipal/-pagina-principal/verificar-fecha.html","searchKeys":["verificarFecha","fun verificarFecha(reserva: ReservaUsuario): Boolean","com.example.controladores.paginaPrincipal.PaginaPrincipal.verificarFecha"]},{"name":"fun visualizarInformacion()","description":"com.example.controladores.miCuenta.MiCuenta.visualizarInformacion","location":"app/com.example.controladores.miCuenta/-mi-cuenta/visualizar-informacion.html","searchKeys":["visualizarInformacion","fun visualizarInformacion()","com.example.controladores.miCuenta.MiCuenta.visualizarInformacion"]},{"name":"interface Comunicador","description":"com.example.controladores.paginaPrincipal.Comunicador","location":"app/com.example.controladores.paginaPrincipal/-comunicador/index.html","searchKeys":["Comunicador","interface Comunicador","com.example.controladores.paginaPrincipal.Comunicador"]},{"name":"interface Comunicador2","description":"com.example.controladores.comprarBilletes.Comunicador2","location":"app/com.example.controladores.comprarBilletes/-comunicador2/index.html","searchKeys":["Comunicador2","interface Comunicador2","com.example.controladores.comprarBilletes.Comunicador2"]},{"name":"open override fun getCount(): Int","description":"com.example.controladores.comprarBilletes.AsientosVueloAdapter.getCount","location":"app/com.example.controladores.comprarBilletes/-asientos-vuelo-adapter/get-count.html","searchKeys":["getCount","open override fun getCount(): Int","com.example.controladores.comprarBilletes.AsientosVueloAdapter.getCount"]},{"name":"open override fun getCount(): Int","description":"com.example.controladores.comprarBilletes.ReservaAdapter.getCount","location":"app/com.example.controladores.comprarBilletes/-reserva-adapter/get-count.html","searchKeys":["getCount","open override fun getCount(): Int","com.example.controladores.comprarBilletes.ReservaAdapter.getCount"]},{"name":"open override fun getCount(): Int","description":"com.example.controladores.notificaciones.NotificacionesAdapter.getCount","location":"app/com.example.controladores.notificaciones/-notificaciones-adapter/get-count.html","searchKeys":["getCount","open override fun getCount(): Int","com.example.controladores.notificaciones.NotificacionesAdapter.getCount"]},{"name":"open override fun getCount(): Int","description":"com.example.controladores.paginaPrincipal.VueloAdapter.getCount","location":"app/com.example.controladores.paginaPrincipal/-vuelo-adapter/get-count.html","searchKeys":["getCount","open override fun getCount(): Int","com.example.controladores.paginaPrincipal.VueloAdapter.getCount"]},{"name":"open override fun getItem(position: Int): Any","description":"com.example.controladores.comprarBilletes.AsientosVueloAdapter.getItem","location":"app/com.example.controladores.comprarBilletes/-asientos-vuelo-adapter/get-item.html","searchKeys":["getItem","open override fun getItem(position: Int): Any","com.example.controladores.comprarBilletes.AsientosVueloAdapter.getItem"]},{"name":"open override fun getItem(position: Int): Any","description":"com.example.controladores.comprarBilletes.ReservaAdapter.getItem","location":"app/com.example.controladores.comprarBilletes/-reserva-adapter/get-item.html","searchKeys":["getItem","open override fun getItem(position: Int): Any","com.example.controladores.comprarBilletes.ReservaAdapter.getItem"]},{"name":"open override fun getItem(position: Int): Any","description":"com.example.controladores.notificaciones.NotificacionesAdapter.getItem","location":"app/com.example.controladores.notificaciones/-notificaciones-adapter/get-item.html","searchKeys":["getItem","open override fun getItem(position: Int): Any","com.example.controladores.notificaciones.NotificacionesAdapter.getItem"]},{"name":"open override fun getItem(position: Int): Any","description":"com.example.controladores.paginaPrincipal.VueloAdapter.getItem","location":"app/com.example.controladores.paginaPrincipal/-vuelo-adapter/get-item.html","searchKeys":["getItem","open override fun getItem(position: Int): Any","com.example.controladores.paginaPrincipal.VueloAdapter.getItem"]},{"name":"open override fun getItemId(position: Int): Long","description":"com.example.controladores.comprarBilletes.AsientosVueloAdapter.getItemId","location":"app/com.example.controladores.comprarBilletes/-asientos-vuelo-adapter/get-item-id.html","searchKeys":["getItemId","open override fun getItemId(position: Int): Long","com.example.controladores.comprarBilletes.AsientosVueloAdapter.getItemId"]},{"name":"open override fun getItemId(position: Int): Long","description":"com.example.controladores.comprarBilletes.ReservaAdapter.getItemId","location":"app/com.example.controladores.comprarBilletes/-reserva-adapter/get-item-id.html","searchKeys":["getItemId","open override fun getItemId(position: Int): Long","com.example.controladores.comprarBilletes.ReservaAdapter.getItemId"]},{"name":"open override fun getItemId(position: Int): Long","description":"com.example.controladores.notificaciones.NotificacionesAdapter.getItemId","location":"app/com.example.controladores.notificaciones/-notificaciones-adapter/get-item-id.html","searchKeys":["getItemId","open override fun getItemId(position: Int): Long","com.example.controladores.notificaciones.NotificacionesAdapter.getItemId"]},{"name":"open override fun getItemId(position: Int): Long","description":"com.example.controladores.paginaPrincipal.VueloAdapter.getItemId","location":"app/com.example.controladores.paginaPrincipal/-vuelo-adapter/get-item-id.html","searchKeys":["getItemId","open override fun getItemId(position: Int): Long","com.example.controladores.paginaPrincipal.VueloAdapter.getItemId"]},{"name":"open override fun getView(position: Int, convertView: View?, parent: ViewGroup?): View","description":"com.example.controladores.comprarBilletes.AsientosVueloAdapter.getView","location":"app/com.example.controladores.comprarBilletes/-asientos-vuelo-adapter/get-view.html","searchKeys":["getView","open override fun getView(position: Int, convertView: View?, parent: ViewGroup?): View","com.example.controladores.comprarBilletes.AsientosVueloAdapter.getView"]},{"name":"open override fun getView(position: Int, convertView: View?, parent: ViewGroup?): View","description":"com.example.controladores.comprarBilletes.ReservaAdapter.getView","location":"app/com.example.controladores.comprarBilletes/-reserva-adapter/get-view.html","searchKeys":["getView","open override fun getView(position: Int, convertView: View?, parent: ViewGroup?): View","com.example.controladores.comprarBilletes.ReservaAdapter.getView"]},{"name":"open override fun getView(position: Int, convertView: View?, parent: ViewGroup?): View","description":"com.example.controladores.notificaciones.NotificacionesAdapter.getView","location":"app/com.example.controladores.notificaciones/-notificaciones-adapter/get-view.html","searchKeys":["getView","open override fun getView(position: Int, convertView: View?, parent: ViewGroup?): View","com.example.controladores.notificaciones.NotificacionesAdapter.getView"]},{"name":"open override fun getView(position: Int, convertView: View?, parent: ViewGroup?): View","description":"com.example.controladores.paginaPrincipal.VueloAdapter.getView","location":"app/com.example.controladores.paginaPrincipal/-vuelo-adapter/get-view.html","searchKeys":["getView","open override fun getView(position: Int, convertView: View?, parent: ViewGroup?): View","com.example.controladores.paginaPrincipal.VueloAdapter.getView"]},{"name":"open override fun onBackPressed()","description":"com.example.controladores.comprarBilletes.RegistroUsuarioCompraVuelo.onBackPressed","location":"app/com.example.controladores.comprarBilletes/-registro-usuario-compra-vuelo/on-back-pressed.html","searchKeys":["onBackPressed","open override fun onBackPressed()","com.example.controladores.comprarBilletes.RegistroUsuarioCompraVuelo.onBackPressed"]},{"name":"open override fun onBackPressed()","description":"com.example.controladores.login.InicioSesion.onBackPressed","location":"app/com.example.controladores.login/-inicio-sesion/on-back-pressed.html","searchKeys":["onBackPressed","open override fun onBackPressed()","com.example.controladores.login.InicioSesion.onBackPressed"]},{"name":"open override fun onBackPressed()","description":"com.example.controladores.login.RecuperacionContasena.onBackPressed","location":"app/com.example.controladores.login/-recuperacion-contasena/on-back-pressed.html","searchKeys":["onBackPressed","open override fun onBackPressed()","com.example.controladores.login.RecuperacionContasena.onBackPressed"]},{"name":"open override fun onBackPressed()","description":"com.example.controladores.login.Registro.onBackPressed","location":"app/com.example.controladores.login/-registro/on-back-pressed.html","searchKeys":["onBackPressed","open override fun onBackPressed()","com.example.controladores.login.Registro.onBackPressed"]},{"name":"open override fun onBackPressed()","description":"com.example.controladores.paginaPrincipal.PaginaPrincipal.onBackPressed","location":"app/com.example.controladores.paginaPrincipal/-pagina-principal/on-back-pressed.html","searchKeys":["onBackPressed","open override fun onBackPressed()","com.example.controladores.paginaPrincipal.PaginaPrincipal.onBackPressed"]},{"name":"open override fun onCreateView(inflater: LayoutInflater, container: ViewGroup?, savedInstanceState: Bundle?): View?","description":"com.example.controladores.comprarBilletes.VisualizacionAsientos.onCreateView","location":"app/com.example.controladores.comprarBilletes/-visualizacion-asientos/on-create-view.html","searchKeys":["onCreateView","open override fun onCreateView(inflater: LayoutInflater, container: ViewGroup?, savedInstanceState: Bundle?): View?","com.example.controladores.comprarBilletes.VisualizacionAsientos.onCreateView"]},{"name":"open override fun onCreateView(inflater: LayoutInflater, container: ViewGroup?, savedInstanceState: Bundle?): View?","description":"com.example.controladores.misBilletes.billete.onCreateView","location":"app/com.example.controladores.misBilletes/billete/on-create-view.html","searchKeys":["onCreateView","open override fun onCreateView(inflater: LayoutInflater, container: ViewGroup?, savedInstanceState: Bundle?): View?","com.example.controladores.misBilletes.billete.onCreateView"]},{"name":"open override fun onCreateView(inflater: LayoutInflater, container: ViewGroup?, savedInstanceState: Bundle?): View?","description":"com.example.controladores.paginaPrincipal.visualizacion_vuelo.onCreateView","location":"app/com.example.controladores.paginaPrincipal/visualizacion_vuelo/on-create-view.html","searchKeys":["onCreateView","open override fun onCreateView(inflater: LayoutInflater, container: ViewGroup?, savedInstanceState: Bundle?): View?","com.example.controladores.paginaPrincipal.visualizacion_vuelo.onCreateView"]},{"name":"open override fun onViewCreated(view: View, savedInstanceState: Bundle?)","description":"com.example.controladores.misBilletes.billete.onViewCreated","location":"app/com.example.controladores.misBilletes/billete/on-view-created.html","searchKeys":["onViewCreated","open override fun onViewCreated(view: View, savedInstanceState: Bundle?)","com.example.controladores.misBilletes.billete.onViewCreated"]},{"name":"open override fun pasarDatosVuelosIda(id: String, fecha_vuelta: String, aerolinea: String, usuarioDni: String)","description":"com.example.controladores.comprarBilletes.ReservaVuelo.pasarDatosVuelosIda","location":"app/com.example.controladores.comprarBilletes/-reserva-vuelo/pasar-datos-vuelos-ida.html","searchKeys":["pasarDatosVuelosIda","open override fun pasarDatosVuelosIda(id: String, fecha_vuelta: String, aerolinea: String, usuarioDni: String)","com.example.controladores.comprarBilletes.ReservaVuelo.pasarDatosVuelosIda"]},{"name":"open override fun pasarId(id: String)","description":"com.example.controladores.paginaPrincipal.PaginaPrincipal.pasarId","location":"app/com.example.controladores.paginaPrincipal/-pagina-principal/pasar-id.html","searchKeys":["pasarId","open override fun pasarId(id: String)","com.example.controladores.paginaPrincipal.PaginaPrincipal.pasarId"]},{"name":"var aerolinea: String","description":"com.example.modelos.Reserva.aerolinea","location":"app/com.example.modelos/-reserva/aerolinea.html","searchKeys":["aerolinea","var aerolinea: String","com.example.modelos.Reserva.aerolinea"]},{"name":"var aerolinea: String","description":"com.example.modelos.Vuelos.aerolinea","location":"app/com.example.modelos/-vuelos/aerolinea.html","searchKeys":["aerolinea","var aerolinea: String","com.example.modelos.Vuelos.aerolinea"]},{"name":"var apellido1: String","description":"com.example.modelos.ReservaUsuario.apellido1","location":"app/com.example.modelos/-reserva-usuario/apellido1.html","searchKeys":["apellido1","var apellido1: String","com.example.modelos.ReservaUsuario.apellido1"]},{"name":"var apellido1: String","description":"com.example.modelos.Usuario.apellido1","location":"app/com.example.modelos/-usuario/apellido1.html","searchKeys":["apellido1","var apellido1: String","com.example.modelos.Usuario.apellido1"]},{"name":"var apellido2: String","description":"com.example.modelos.ReservaUsuario.apellido2","location":"app/com.example.modelos/-reserva-usuario/apellido2.html","searchKeys":["apellido2","var apellido2: String","com.example.modelos.ReservaUsuario.apellido2"]},{"name":"var apellido2: String","description":"com.example.modelos.Usuario.apellido2","location":"app/com.example.modelos/-usuario/apellido2.html","searchKeys":["apellido2","var apellido2: String","com.example.modelos.Usuario.apellido2"]},{"name":"var apellido: String","description":"com.example.modelos.Reserva.apellido","location":"app/com.example.modelos/-reserva/apellido.html","searchKeys":["apellido","var apellido: String","com.example.modelos.Reserva.apellido"]},{"name":"var asientos: List<AsientosVuelo>","description":"com.example.controladores.comprarBilletes.AsientosVueloAdapter.asientos","location":"app/com.example.controladores.comprarBilletes/-asientos-vuelo-adapter/asientos.html","searchKeys":["asientos","var asientos: List<AsientosVuelo>","com.example.controladores.comprarBilletes.AsientosVueloAdapter.asientos"]},{"name":"var avion: String","description":"com.example.modelos.Vuelos.avion","location":"app/com.example.modelos/-vuelos/avion.html","searchKeys":["avion","var avion: String","com.example.modelos.Vuelos.avion"]},{"name":"var contexto: Context","description":"com.example.controladores.comprarBilletes.ReservaAdapter.contexto","location":"app/com.example.controladores.comprarBilletes/-reserva-adapter/contexto.html","searchKeys":["contexto","var contexto: Context","com.example.controladores.comprarBilletes.ReservaAdapter.contexto"]},{"name":"var contexto: Context","description":"com.example.controladores.notificaciones.NotificacionesAdapter.contexto","location":"app/com.example.controladores.notificaciones/-notificaciones-adapter/contexto.html","searchKeys":["contexto","var contexto: Context","com.example.controladores.notificaciones.NotificacionesAdapter.contexto"]},{"name":"var contexto: Context","description":"com.example.controladores.paginaPrincipal.VueloAdapter.contexto","location":"app/com.example.controladores.paginaPrincipal/-vuelo-adapter/contexto.html","searchKeys":["contexto","var contexto: Context","com.example.controladores.paginaPrincipal.VueloAdapter.contexto"]},{"name":"var contexto: VisualizacionAsientos","description":"com.example.controladores.comprarBilletes.AsientosVueloAdapter.contexto","location":"app/com.example.controladores.comprarBilletes/-asientos-vuelo-adapter/contexto.html","searchKeys":["contexto","var contexto: VisualizacionAsientos","com.example.controladores.comprarBilletes.AsientosVueloAdapter.contexto"]},{"name":"var continente: String","description":"com.example.modelos.Paises.continente","location":"app/com.example.modelos/-paises/continente.html","searchKeys":["continente","var continente: String","com.example.modelos.Paises.continente"]},{"name":"var descripcion: String","description":"com.example.modelos.Notificacion.descripcion","location":"app/com.example.modelos/-notificacion/descripcion.html","searchKeys":["descripcion","var descripcion: String","com.example.modelos.Notificacion.descripcion"]},{"name":"var destino: String","description":"com.example.modelos.Reserva.destino","location":"app/com.example.modelos/-reserva/destino.html","searchKeys":["destino","var destino: String","com.example.modelos.Reserva.destino"]},{"name":"var destino: String","description":"com.example.modelos.Vuelos.destino","location":"app/com.example.modelos/-vuelos/destino.html","searchKeys":["destino","var destino: String","com.example.modelos.Vuelos.destino"]},{"name":"var dni: String","description":"com.example.modelos.ReservaUsuario.dni","location":"app/com.example.modelos/-reserva-usuario/dni.html","searchKeys":["dni","var dni: String","com.example.modelos.ReservaUsuario.dni"]},{"name":"var dni: String","description":"com.example.modelos.Usuario.dni","location":"app/com.example.modelos/-usuario/dni.html","searchKeys":["dni","var dni: String","com.example.modelos.Usuario.dni"]},{"name":"var dni_usuario: String","description":"com.example.modelos.Notificacion.dni_usuario","location":"app/com.example.modelos/-notificacion/dni_usuario.html","searchKeys":["dni_usuario","var dni_usuario: String","com.example.modelos.Notificacion.dni_usuario"]},{"name":"var dni_usuario: String","description":"com.example.modelos.Paises.dni_usuario","location":"app/com.example.modelos/-paises/dni_usuario.html","searchKeys":["dni_usuario","var dni_usuario: String","com.example.modelos.Paises.dni_usuario"]},{"name":"var dni_usuario: String","description":"com.example.modelos.ReservaUsuario.dni_usuario","location":"app/com.example.modelos/-reserva-usuario/dni_usuario.html","searchKeys":["dni_usuario","var dni_usuario: String","com.example.modelos.ReservaUsuario.dni_usuario"]},{"name":"var email: String","description":"com.example.modelos.ReservaUsuario.email","location":"app/com.example.modelos/-reserva-usuario/email.html","searchKeys":["email","var email: String","com.example.modelos.ReservaUsuario.email"]},{"name":"var email: String","description":"com.example.modelos.Usuario.email","location":"app/com.example.modelos/-usuario/email.html","searchKeys":["email","var email: String","com.example.modelos.Usuario.email"]},{"name":"var enlace: String","description":"com.example.modelos.Reserva.enlace","location":"app/com.example.modelos/-reserva/enlace.html","searchKeys":["enlace","var enlace: String","com.example.modelos.Reserva.enlace"]},{"name":"var enlace: String","description":"com.example.modelos.Vuelos.enlace","location":"app/com.example.modelos/-vuelos/enlace.html","searchKeys":["enlace","var enlace: String","com.example.modelos.Vuelos.enlace"]},{"name":"var estado: String","description":"com.example.modelos.AsientosVuelo.estado","location":"app/com.example.modelos/-asientos-vuelo/estado.html","searchKeys":["estado","var estado: String","com.example.modelos.AsientosVuelo.estado"]},{"name":"var estado: String","description":"com.example.modelos.Reserva.estado","location":"app/com.example.modelos/-reserva/estado.html","searchKeys":["estado","var estado: String","com.example.modelos.Reserva.estado"]},{"name":"var estado: String","description":"com.example.modelos.Vuelos.estado","location":"app/com.example.modelos/-vuelos/estado.html","searchKeys":["estado","var estado: String","com.example.modelos.Vuelos.estado"]},{"name":"var fecha: String","description":"com.example.modelos.Notificacion.fecha","location":"app/com.example.modelos/-notificacion/fecha.html","searchKeys":["fecha","var fecha: String","com.example.modelos.Notificacion.fecha"]},{"name":"var fecha: String","description":"com.example.modelos.Reserva.fecha","location":"app/com.example.modelos/-reserva/fecha.html","searchKeys":["fecha","var fecha: String","com.example.modelos.Reserva.fecha"]},{"name":"var fecha: String","description":"com.example.modelos.ReservaUsuario.fecha","location":"app/com.example.modelos/-reserva-usuario/fecha.html","searchKeys":["fecha","var fecha: String","com.example.modelos.ReservaUsuario.fecha"]},{"name":"var fecha_llegada: String","description":"com.example.modelos.Reserva.fecha_llegada","location":"app/com.example.modelos/-reserva/fecha_llegada.html","searchKeys":["fecha_llegada","var fecha_llegada: String","com.example.modelos.Reserva.fecha_llegada"]},{"name":"var fecha_llegada: String","description":"com.example.modelos.Vuelos.fecha_llegada","location":"app/com.example.modelos/-vuelos/fecha_llegada.html","searchKeys":["fecha_llegada","var fecha_llegada: String","com.example.modelos.Vuelos.fecha_llegada"]},{"name":"var fecha_nac: String","description":"com.example.modelos.Usuario.fecha_nac","location":"app/com.example.modelos/-usuario/fecha_nac.html","searchKeys":["fecha_nac","var fecha_nac: String","com.example.modelos.Usuario.fecha_nac"]},{"name":"var fecha_salida: String","description":"com.example.modelos.Reserva.fecha_salida","location":"app/com.example.modelos/-reserva/fecha_salida.html","searchKeys":["fecha_salida","var fecha_salida: String","com.example.modelos.Reserva.fecha_salida"]},{"name":"var fecha_salida: String","description":"com.example.modelos.ReservaUsuario.fecha_salida","location":"app/com.example.modelos/-reserva-usuario/fecha_salida.html","searchKeys":["fecha_salida","var fecha_salida: String","com.example.modelos.ReservaUsuario.fecha_salida"]},{"name":"var fecha_salida: String","description":"com.example.modelos.Vuelos.fecha_salida","location":"app/com.example.modelos/-vuelos/fecha_salida.html","searchKeys":["fecha_salida","var fecha_salida: String","com.example.modelos.Vuelos.fecha_salida"]},{"name":"var id: String","description":"com.example.modelos.AsientosVuelo.id","location":"app/com.example.modelos/-asientos-vuelo/id.html","searchKeys":["id","var id: String","com.example.modelos.AsientosVuelo.id"]},{"name":"var id_asiento: String","description":"com.example.modelos.Reserva.id_asiento","location":"app/com.example.modelos/-reserva/id_asiento.html","searchKeys":["id_asiento","var id_asiento: String","com.example.modelos.Reserva.id_asiento"]},{"name":"var id_asiento: String","description":"com.example.modelos.ReservaUsuario.id_asiento","location":"app/com.example.modelos/-reserva-usuario/id_asiento.html","searchKeys":["id_asiento","var id_asiento: String","com.example.modelos.ReservaUsuario.id_asiento"]},{"name":"var id_avion: String","description":"com.example.modelos.Reserva.id_avion","location":"app/com.example.modelos/-reserva/id_avion.html","searchKeys":["id_avion","var id_avion: String","com.example.modelos.Reserva.id_avion"]},{"name":"var id_reserva: String","description":"com.example.modelos.ReservaUsuario.id_reserva","location":"app/com.example.modelos/-reserva-usuario/id_reserva.html","searchKeys":["id_reserva","var id_reserva: String","com.example.modelos.ReservaUsuario.id_reserva"]},{"name":"var id_vuelo: String","description":"com.example.modelos.AsientosVuelo.id_vuelo","location":"app/com.example.modelos/-asientos-vuelo/id_vuelo.html","searchKeys":["id_vuelo","var id_vuelo: String","com.example.modelos.AsientosVuelo.id_vuelo"]},{"name":"var id_vuelo: String","description":"com.example.modelos.Reserva.id_vuelo","location":"app/com.example.modelos/-reserva/id_vuelo.html","searchKeys":["id_vuelo","var id_vuelo: String","com.example.modelos.Reserva.id_vuelo"]},{"name":"var id_vuelo: String","description":"com.example.modelos.ReservaUsuario.id_vuelo","location":"app/com.example.modelos/-reserva-usuario/id_vuelo.html","searchKeys":["id_vuelo","var id_vuelo: String","com.example.modelos.ReservaUsuario.id_vuelo"]},{"name":"var id_vuelo: String","description":"com.example.modelos.Vuelos.id_vuelo","location":"app/com.example.modelos/-vuelos/id_vuelo.html","searchKeys":["id_vuelo","var id_vuelo: String","com.example.modelos.Vuelos.id_vuelo"]},{"name":"var letra: String","description":"com.example.modelos.AsientosVuelo.letra","location":"app/com.example.modelos/-asientos-vuelo/letra.html","searchKeys":["letra","var letra: String","com.example.modelos.AsientosVuelo.letra"]},{"name":"var letra: String","description":"com.example.modelos.Reserva.letra","location":"app/com.example.modelos/-reserva/letra.html","searchKeys":["letra","var letra: String","com.example.modelos.Reserva.letra"]},{"name":"var modelo: String","description":"com.example.modelos.Vuelos.modelo","location":"app/com.example.modelos/-vuelos/modelo.html","searchKeys":["modelo","var modelo: String","com.example.modelos.Vuelos.modelo"]},{"name":"var nombre: String","description":"com.example.modelos.Aerolinea.nombre","location":"app/com.example.modelos/-aerolinea/nombre.html","searchKeys":["nombre","var nombre: String","com.example.modelos.Aerolinea.nombre"]},{"name":"var nombre: String","description":"com.example.modelos.Reserva.nombre","location":"app/com.example.modelos/-reserva/nombre.html","searchKeys":["nombre","var nombre: String","com.example.modelos.Reserva.nombre"]},{"name":"var nombre: String","description":"com.example.modelos.ReservaUsuario.nombre","location":"app/com.example.modelos/-reserva-usuario/nombre.html","searchKeys":["nombre","var nombre: String","com.example.modelos.ReservaUsuario.nombre"]},{"name":"var nombre: String","description":"com.example.modelos.Usuario.nombre","location":"app/com.example.modelos/-usuario/nombre.html","searchKeys":["nombre","var nombre: String","com.example.modelos.Usuario.nombre"]},{"name":"var nombre_usuario: String","description":"com.example.modelos.Usuario.nombre_usuario","location":"app/com.example.modelos/-usuario/nombre_usuario.html","searchKeys":["nombre_usuario","var nombre_usuario: String","com.example.modelos.Usuario.nombre_usuario"]},{"name":"var notificaciones: List<Notificacion>","description":"com.example.controladores.notificaciones.NotificacionesAdapter.notificaciones","location":"app/com.example.controladores.notificaciones/-notificaciones-adapter/notificaciones.html","searchKeys":["notificaciones","var notificaciones: List<Notificacion>","com.example.controladores.notificaciones.NotificacionesAdapter.notificaciones"]},{"name":"var numero: String","description":"com.example.modelos.AsientosVuelo.numero","location":"app/com.example.modelos/-asientos-vuelo/numero.html","searchKeys":["numero","var numero: String","com.example.modelos.AsientosVuelo.numero"]},{"name":"var numero: String","description":"com.example.modelos.Reserva.numero","location":"app/com.example.modelos/-reserva/numero.html","searchKeys":["numero","var numero: String","com.example.modelos.Reserva.numero"]},{"name":"var origen: String","description":"com.example.modelos.Reserva.origen","location":"app/com.example.modelos/-reserva/origen.html","searchKeys":["origen","var origen: String","com.example.modelos.Reserva.origen"]},{"name":"var origen: String","description":"com.example.modelos.Vuelos.origen","location":"app/com.example.modelos/-vuelos/origen.html","searchKeys":["origen","var origen: String","com.example.modelos.Vuelos.origen"]},{"name":"var password: String","description":"com.example.modelos.Usuario.password","location":"app/com.example.modelos/-usuario/password.html","searchKeys":["password","var password: String","com.example.modelos.Usuario.password"]},{"name":"var precio: String","description":"com.example.modelos.AsientosVuelo.precio","location":"app/com.example.modelos/-asientos-vuelo/precio.html","searchKeys":["precio","var precio: String","com.example.modelos.AsientosVuelo.precio"]},{"name":"var precio: String","description":"com.example.modelos.Reserva.precio","location":"app/com.example.modelos/-reserva/precio.html","searchKeys":["precio","var precio: String","com.example.modelos.Reserva.precio"]},{"name":"var puerta_embarque: String","description":"com.example.modelos.Vuelos.puerta_embarque","location":"app/com.example.modelos/-vuelos/puerta_embarque.html","searchKeys":["puerta_embarque","var puerta_embarque: String","com.example.modelos.Vuelos.puerta_embarque"]},{"name":"var telefono: String","description":"com.example.modelos.ReservaUsuario.telefono","location":"app/com.example.modelos/-reserva-usuario/telefono.html","searchKeys":["telefono","var telefono: String","com.example.modelos.ReservaUsuario.telefono"]},{"name":"var telefono: String","description":"com.example.modelos.Usuario.telefono","location":"app/com.example.modelos/-usuario/telefono.html","searchKeys":["telefono","var telefono: String","com.example.modelos.Usuario.telefono"]},{"name":"var terminal: String","description":"com.example.modelos.Vuelos.terminal","location":"app/com.example.modelos/-vuelos/terminal.html","searchKeys":["terminal","var terminal: String","com.example.modelos.Vuelos.terminal"]},{"name":"var tipo: String","description":"com.example.modelos.Reserva.tipo","location":"app/com.example.modelos/-reserva/tipo.html","searchKeys":["tipo","var tipo: String","com.example.modelos.Reserva.tipo"]},{"name":"var tipoAsiento: String","description":"com.example.modelos.AsientosVuelo.tipoAsiento","location":"app/com.example.modelos/-asientos-vuelo/tipo-asiento.html","searchKeys":["tipoAsiento","var tipoAsiento: String","com.example.modelos.AsientosVuelo.tipoAsiento"]},{"name":"var titulo: String","description":"com.example.modelos.Notificacion.titulo","location":"app/com.example.modelos/-notificacion/titulo.html","searchKeys":["titulo","var titulo: String","com.example.modelos.Notificacion.titulo"]},{"name":"var visitas: Int","description":"com.example.modelos.Paises.visitas","location":"app/com.example.modelos/-paises/visitas.html","searchKeys":["visitas","var visitas: Int","com.example.modelos.Paises.visitas"]},{"name":"var vuelo: String","description":"com.example.modelos.Notificacion.vuelo","location":"app/com.example.modelos/-notificacion/vuelo.html","searchKeys":["vuelo","var vuelo: String","com.example.modelos.Notificacion.vuelo"]},{"name":"var vuelos: List<Reserva>","description":"com.example.controladores.comprarBilletes.ReservaAdapter.vuelos","location":"app/com.example.controladores.comprarBilletes/-reserva-adapter/vuelos.html","searchKeys":["vuelos","var vuelos: List<Reserva>","com.example.controladores.comprarBilletes.ReservaAdapter.vuelos"]},{"name":"var vuelos: List<Vuelos>","description":"com.example.controladores.paginaPrincipal.VueloAdapter.vuelos","location":"app/com.example.controladores.paginaPrincipal/-vuelo-adapter/vuelos.html","searchKeys":["vuelos","var vuelos: List<Vuelos>","com.example.controladores.paginaPrincipal.VueloAdapter.vuelos"]}]
